Name,AccountNumber,BillingState,BillingCountry,BillingCity,Phone
Hermann-Botsfort,68-922-2863,Arizona,US,Phoenix,6023827986
Murasik-Douros,43-322-6282,Texas,US,El Paso,9152199477
"Moore, Lennon and Dickins",42-296-5614,Pennsylvania,US,Lancaster,7176684172
"MacGyver, Bins and Bradtke",47-905-3992,Kentucky,US,Louisville,5025752345
Bihan LLC,57-008-0597,Texas,US,Bryan,9791186192
Gonroy-Jonsen,87-623-7331,Indiana,US,Gary,2197057186
Tonnelly Hills and McClure,01-128-5578,New York,US,Rochester,5851711062
Goodmann Goodwin and Goodmann,61-347-0454,California,US,San Francisco,4151630387
O'Keefe LLC,73-741-3118,California,US,Fresno,5592268908
Jaskolski Blick and Murray,26-046-8048,Texas,US,Austin,5123928186
Vradtke Group,65-101-8039,Arizona,US,Phoenix,6233690816
Barisian-Abshire,86-429-4274,Texas,US,El Paso,9153245579
Halfforson Inc,28-517-1397,Texas,US,Houston,7135386012
Stanton Hegmann and Goodmann,86-767-1694,Minnesota,US,Monticello,7635194674
Murazik-Gonroy,26-946-0199,New York,US,Rochester,5857671088
Beatty Fritsch and McLaughlin,62-655-4991,Kentucky,US,Lexington,8591666433
Langosh and Suns,80-599-6324,Texas,US,Austin,5128666160
Heaney Croup,12-744-4238,Tennessee,US,Knoxville,8657877640
Hermann-Grooks,37-624-7406,California,US,San Francisco,4157839448
Mitchell Barrows and Perge,73-142-8411,California,US,Los Angeles,3108937494
Green LL,66-839-5158,Minnesota,US,Minneapolis,7634202653
Graham and Sins,52-278-6934,Alabama,US,Mobile,2517946057
Cormier-Materazzi,92-834-8497,Maryland,US,Bethesda,2402756314
Cartwright,70-883-3349,Ohio,US,Dayton,9377959023
Weissnating,49-446-2606,California,US,Fresno,5596221922
LLC Rosenbaum,12-602-5558,Tennessee,US,Memphis,9014218370
Group Bartell,05-647-6257,Texas,US,Houston,7131582886
Zemlak Walker,35-043-0808,West Virginia,US,Charleston,3044837189
King-Love,02-771-7877,Arizona,US,Phoenix,6021646639
Bayer AG,07-920-8933,New York,US,New York,3043853901
Robertson Inc,26-712-8584,Nevada,US,Virginia,7022000970